{
  "validity": 99.0,
  "uniqueness": 98.88888888888889,
  "novelty": 100.0,
  "atom_stability": 78.53820598006645,
  "WD_QED": 0.0729023660015157,
  "WD_Atoms": 0.815151515151515
}