{
  "validity": 100.0,
  "uniqueness": 100.0,
  "novelty": 100.0,
  "atom_stability": 79.065710408994,
  "WD_QED": 0.0767525180318477,
  "WD_Atoms": 3.6400000000000015
}