{
  "validity": 100.0,
  "uniqueness": 100.0,
  "novelty": 100.0,
  "atom_stability": 75.63176895306859,
  "WD_QED": 0.03443017200289592,
  "WD_Atoms": 19.299999999999997
}